"time","tank1.h","tank2.Q1","tank2.h"
0,0,0,0
0.1,0.2,0,0
0.2,0.4,0,0
0.3,0.6,0,0
0.4,0.8,0,0
0.5,1,0,0
0.6,1.2,0,0
0.7,1.4,0,0
0.8,1.6,0,0
0.9,1.8,0,0
1,2,0,0
1.1,2.2,0,0
1.2,2.4,0,0
1.3,2.6,0,0
1.4,2.8,0,0
1.5,3,0,0
1.6,3.2,0,0
1.7,3.4,0,0
1.8,3.6,0,0
1.9,3.8,0,0
2,4,0,0
2.1,4.2,0,0
2.2,4.4,0,0
2.3,4.6,0,0
2.4,4.8,0,0
2.5,5,0,0
2.6,5.2,0,0
2.7,5.4,0,0
2.8,5.6,0,0
2.9,5.8,0,0
3,6,0,0
3.1,6.2,0,0
3.2,6.4,0,0
3.3,6.6,0,0
3.4,6.8,0,0
3.5,7,0,0
3.6,7.2,0,0
3.7,7.4,0,0
3.8,7.6,0,0
3.9,7.8,0,0
4,8,0,0
4.1,8.2,0,0
4.2,8.4,0,0
4.3,8.6,0,0
4.4,8.8,0,0
4.5,9,0,0
4.6,9.2,0,0
4.7,9.4,0,0
4.8,9.6,0,0
4.9,9.8,0,0
5,10,0,0
5.000000001000076,10.000000002000151,0,0
5.000000001000076,10.000000002000151,3.162277660484631,0
5.1,9.884687693481174,3.1439923176561955,0.3153123065188242
5.2,9.77119469286365,3.1258910238304294,0.6288053071363499
5.3,9.659503083082564,3.107974112357206,0.940496916917434
5.4,9.549594014130923,3.090241740403317,1.2504059858690768
5.5,9.441448892681587,3.0726940773011533,1.5585511073184106
5.6,9.33504921391816,3.055331277278809,1.8649507860818393
5.7,9.230376554439532,3.0381534777623616,2.169623445560466
5.8,9.12741244241689,3.0211607773200173,2.4725875575831076
5.9,9.026138289675922,3.0043532231873007,2.773861710324078
6,8.92653561828997,2.987730847698629,3.0734643817100267
6.1,8.82858592253208,2.971293644615436,3.371414077467918
6.2,8.732270695745886,2.9550415725918113,3.6677293042541126
6.3,8.637571445426065,2.938974556784401,3.962428554573934
6.4,8.544469704887508,2.9230924899646107,4.255530295112493
6.5,8.452946971634255,2.9073952210929725,4.547053028365745
6.6,8.36298475459663,2.891882562379847,4.837015245403368
6.7,8.274564562704962,2.8765542864171643,5.125435437295038
6.8,8.187668190985319,2.8614101752431997,5.412331809014683
6.9,8.102277206324969,2.846449930408924,5.697722793675035
7,8.018373094864971,2.831673197045339,5.981626905135031
7.1,7.935937422667315,2.8170795911133424,6.264062577332686
7.2,7.854951782945242,2.8026686894717403,6.545048217054761
7.3,7.775398877956609,2.788440223127727,6.8246011220433935
7.4,7.697259791619067,2.7743935898893413,7.102740208380936
7.5,7.620516209136438,2.7605282482047593,7.379483790863564
7.6,7.545149815712539,2.74684360962042,7.654850184287463
7.7,7.471142886590669,2.733339145914877,7.928857113409333
7.8,7.398478384336849,2.7200144088472857,8.201521615663154
7.9,7.32713739608921,2.7068685590713875,8.472862603910793
8,7.257101817526442,2.69390085517757,8.742898182473562
8.1,7.188353544327229,2.681110505803002,9.011646455672773
8.2,7.1208760363742325,2.668496962032041,9.279123963625768
8.3,7.054651645432278,2.6560594205386816,9.545348354567727
8.4,6.989661936705293,2.6437968788666977,9.81033806329471
8.5,6.925889072233747,2.63170839422489,10.074110927766254
8.6,6.863316304551868,2.6197931797284815,10.336683695448134
8.7,6.801927329285296,2.6080504844203642,10.598072670714705
8.8,6.741703674441427,2.596479091855243,10.858296325558578
8.9,6.682627844373718,2.58507791843374,11.117372155626287
9,6.6246842413846325,2.5738461961400554,11.37531575861537
9.1,6.5678563048171235,2.562782921906794,11.63214369518288
9.2,6.512126277628772,2.551886807369945,11.887873722371232
9.3,6.457477125037692,2.541156651022855,12.142522874962314
9.4,6.403893232878129,2.530591478859859,12.396106767121877
9.5,6.351357516614434,2.5201899762943336,12.648642483385572
9.6,6.29985302045596,2.5099508004054503,12.900146979544044
9.7,6.249364033534979,2.4998728034712046,13.150635966465023
9.8,6.199875632607591,2.4899549458991403,13.400124367392417
9.9,6.1513706365445415,2.4801956851314255,13.648629363455466
10,6.103832796329615,2.4705936121364873,13.896167203670391
10.1,6.057248291845553,2.4611477590436444,14.142751708154453
10.2,6.0116002783454086,2.4518564962789746,14.388399721654595
10.3,5.9668729133688325,2.4427183450755905,14.633127086631173
10.4,5.923052542212093,2.433732224837419,14.876947457787914
10.5,5.880123164088188,2.424896526470395,15.119876835911818
10.6,5.838069312308727,2.416209699572603,15.361930687691277
10.7,5.796877344426332,2.4076705223984307,15.603122655573669
10.8,5.756532046410372,2.3992774008876867,15.843467953589633
10.9,5.7170183052062225,2.3910287127523633,16.082981694793784
11,5.678322726483214,2.3829231474143713,16.32167727351679
11.1,5.640430784535294,2.3749591121817852,16.55956921546471
11.2,5.603327716937357,2.3671349173499503,16.796672283062644
11.3,5.56700045744944,2.359449185180609,17.03299954255056
11.4,5.531435191407105,2.3519003361977533,17.268564808592895
11.5,5.496617520740108,2.344486622000669,17.50338247925989
11.6,5.46253436303335,2.337206529820022,17.737465636966643
11.7,5.429172746556073,2.3300585285687725,17.97082725344392
11.8,5.396519162041465,2.3230409299109356,18.203480837958537
11.9,5.364560724483853,2.316152137594561,18.43543927551615
12,5.333284778255844,2.3093905642519292,18.666715221744155
12.1,5.302678652376332,2.3027545792759443,18.897321347623667
12.2,5.272729927993839,2.2962425673246805,19.12727007200616
12.3,5.243426277966008,2.2898528943943117,19.356573722033993
12.4,5.214755377772775,2.283583888928273,19.585244622227226
12.5,5.186705337564495,2.2774339370362635,19.813294662435503
12.6,5.159264322472967,2.2714014005615493,20.04073567752703
12.7,5.132420672186993,2.265484643997172,20.267579327813007
12.8,5.1061630752760525,2.2596820739378476,20.49383692472395
12.9,5.080480146597257,2.2539920467023076,20.719519853402744
13,5.055360754099495,2.2484129411875156,20.9446392459005
13.1,5.030793933700786,2.242943140987035,21.169206066299214
13.2,5.00676861548143,2.23758097406137,21.393231384518565
13.3,4.9832741541158505,2.2323248316756796,21.61672584588415
13.4,4.960300026793908,2.2271731021171,21.83969997320609
13.5,4.937835838906355,2.2221241727019567,22.062164161093644
13.6,4.915871490264633,2.217176468002634,22.284128509735364
13.7,4.894396996245886,2.2123284105769394,22.505603003754114
13.8,4.873402445062028,2.2075784119849575,22.726597554937975
13.9,4.8528781421187395,2.2029249061460856,22.94712185788126
14,4.832814462506156,2.1983663167238885,23.167185537493847
14.1,4.813201843535898,2.1939010560040986,23.3867981564641
14.2,4.794031100315947,2.1895275975232527,23.605968899684054
14.3,4.775293111269481,2.185244405385695,23.82470688873052
14.4,4.756978926288226,2.181049959603912,24.043021073711778
14.5,4.7390798544680175,2.1769427770311323,24.260920145531983
14.6,4.72158721984325,2.172921356110996,24.478412780156752
14.7,4.7044925581679555,2.1689842226645992,24.695507441832042
14.8,4.687787564599784,2.165129918642247,24.912212435400217
14.9,4.67146377358739,2.16135692878048,25.12853622641261
15,4.655513221833101,2.1576638342969696,25.344486778166893
15.1,4.639928000687834,2.1540492103681927,25.560071999312168
15.2,4.624700334274823,2.1505116447661528,25.77529966572518
15.3,4.609822615804688,2.1470497469329137,25.990177384195313
15.4,4.5952873737418924,2.1436621407632996,26.204712626258107
15.5,4.581087276602376,2.1403474663246564,26.41891272339763
15.6,4.567215147237759,2.1371043837954566,26.632784852762242
15.7,4.553663822529667,2.133931541200342,26.846336177470334
15.8,4.540426218078226,2.1308275899467386,27.059573781921777
15.9,4.527495608195706,2.1277912510854318,27.27250439180429
16,4.514865306457253,2.1248212410594105,27.485134693542744
16.1,4.502528762409621,2.12191629486406,27.69747123759038
16.2,4.4904795143237175,2.119075155421279,27.909520485676282
16.3,4.478711140911897,2.11629656260929,28.12128885908811
16.4,4.467217534019265,2.1135793181281994,28.33278246598073
16.5,4.455992642227526,2.1109222255278675,28.54400735777248
16.6,4.445030545024591,2.108324108154292,28.75496945497541
16.7,4.434325417938003,2.1057838013286174,28.965674582062
16.8,4.4238712908151925,2.103300095282457,29.17612870918482
16.9,4.413662729474651,2.100871897445118,29.386337270525356
17,4.403694265925152,2.0984980976701295,29.596305734074853
17.1,4.393960555313374,2.0961776058610524,29.806039444686636
17.2,4.384456375923899,2.0939093523655457,30.015543624076106
17.3,4.375176248756308,2.0916921974220557,30.224823751243704
17.4,4.3661152974525,2.0895251368319308,30.433884702547505
17.5,4.357268603977072,2.0874071485881887,30.642731396022942
17.6,4.348631354178971,2.085337227927169,30.851368645821044
17.7,4.340198848726945,2.083314390275012,31.059801151273064
17.8,4.331966176628073,2.081337593142466,31.268033823371944
17.9,4.323928849118407,2.0794058884975795,31.476071150881605
18,4.316082489841023,2.077518348857844,31.683917510158988
18.1,4.308422766747378,2.075674051181297,31.891577233252633
18.2,4.300945453451832,2.0738720918735156,32.09905454654818
18.3,4.293646198124599,2.0721115312947322,32.30635380187541
18.4,4.286520858768491,2.070391474762319,32.51347914123152
18.5,4.27956554819518,2.0687110837898994,32.72043445180484
18.6,4.272776376453902,2.0670695141803774,32.92722362354611
18.7,4.266149550527039,2.0654659402970164,33.13385044947297
18.8,4.259681257672182,2.0638995270294003,33.34031874232783
18.9,4.253367710250298,2.0623694407768696,33.54663228974971
19,4.247205414057116,2.0608749147042174,33.7527945859429
19.1,4.241190858914656,2.059415174003206,33.958809141085354
19.2,4.235320612126468,2.057989458701494,34.16467938787355
19.3,4.229591316956894,2.0565970234727304,34.37040868304313
19.4,4.2239996911103335,2.055237137439457,34.57600030888968
19.5,4.218542525210516,2.053909083969034,34.7814574747895
19.6,4.2132166812797704,2.0526121604628016,34.98678331872025
19.7,4.208019091218283,2.05134567813869,35.19198090878173
19.8,4.202946743896229,2.0501089590302826,35.39705325610378
19.9,4.197996593578532,2.0489013137724648,35.60200340642148
20,4.193165829965564,2.0477221076028758,35.806834170034456
20.1,4.188451632245455,2.0465707005245273,36.011548367754564
20.2,4.183851239521073,2.045446464594239,36.21614876047894
20.3,4.179361949147037,2.0443487836342986,36.42063805085297
20.4,4.174981115066735,2.0432770529389144,36.625018884933276
20.5,4.170706146149334,2.0422306789756477,36.82929385385067
20.6,4.1665345045268,2.0412090790820034,37.03346549547322
20.7,4.162463703930904,2.0402116811573507,37.237536296069116
20.8,4.158491655160126,2.0392380084629957,37.44150834483989
20.9,4.154615893117684,2.038287490301033,37.645384106882325
21,4.150834055419035,2.037359579313145,37.84916594458098
21.1,4.147143898755675,2.0364537556143216,38.05285610124434
21.2,4.143543229330545,2.035569509825333,38.256456770669466
21.3,4.140029901513467,2.0347063428203755,38.459970098486544
21.4,4.136601816496576,2.0338637654711724,38.66339818350343
21.5,4.133256920949757,2.0330412983876536,38.86674307905026
21.6,4.129993205676082,2.032238471655352,39.07000679432393
21.7,4.12680883246339,2.031454856122427,39.27319116753662
21.8,4.1237019692337915,2.0306900229315628,39.47629803076622
21.9,4.1206706536438285,2.0299435099637204,39.679329346356184
22,4.117713069599428,2.0292148899511426,39.88228693040059
22.1,4.114827441782704,2.0285037445818785,40.085172558217316
22.2,4.112012034470017,2.027809664260928,40.28798796553
22.3,4.1092651503500655,2.0271322478689116,40.49073484964995
22.4,4.106585129341934,2.0264711025183493,40.69341487065808
22.5,4.10397036708912,2.0258258481639335,40.8960296329109
22.6,4.101419447724564,2.0251961504319933,41.098580552275465
22.7,4.098930721945496,2.024581616518706,41.30106927805452
22.8,4.096502689017649,2.0239818894984336,41.50349731098237
22.9,4.094133882134837,2.0233966200759648,41.70586611786518
23,4.09182286736614,2.0228254663628644,41.90817713263388
23.1,4.089568242603071,2.022268093652044,42.110431757396945
23.2,4.087368636506767,2.0217241741906258,42.312631363493246
23.3,4.085222707455157,2.0211933869511736,42.51477729254487
23.4,4.083129270531279,2.0206754490841123,42.71687072946874
23.5,4.081087031915051,2.020170050247021,42.918912968084975
23.6,4.079094718456809,2.019676884666656,43.12090528154322
23.7,4.077151119877046,2.0191956616130704,43.322848880122976
23.8,4.0752550530350105,2.018726096585421,43.52474494696501
23.9,4.073405361009838,2.0182679111083934,43.726594638990186
24,4.071600912181667,2.0178208325274243,43.928399087818356
24.1,4.0698405993127675,2.01738459380277,44.13015940068725
24.2,4.068123386826186,2.016958945250544,44.33187661317383
24.3,4.0664482953861025,2.016543650751479,44.53355170461393
24.4,4.064814237289983,2.016138446954966,44.73518576271004
24.5,4.063220212474249,2.015743091883053,44.936779787525786
24.6,4.0616652429555336,2.015357348699117,45.13833475704449
24.7,4.060148372030576,2.014980985525813,45.33985162796945
24.8,4.058668663476067,2.0146137752621636,45.54133133652396
24.9,4.057225200748541,2.0142554953998615,45.74277479925148
25,4.055817086184242,2.0139059278387963,45.94418291381578
25.1,4.054443611792531,2.013564901311237,46.145556388207496
25.2,4.053103831199945,2.013232185119229,46.34689616880008
25.3,4.051796917978369,2.0129075781014807,46.54820308202166
25.4,4.050522065266533,2.0125908837283677,46.74947793473349
25.5,4.049278483823018,2.0122819096297166,46.950721516177005
25.6,4.048065401364961,2.0119804674412127,47.15193459863507
25.7,4.0468820619067385,2.0116863726502543,47.353117938093284
25.8,4.045727725098669,2.011399444441275,47.55427227490135
25.9,4.044601764048039,2.0111195300250153,47.755398235951986
26,4.043503497435162,2.0108464629193255,47.95649650256486
26.1,4.042432199492163,2.010580065426931,48.15756780050786
26.2,4.041387208320484,2.0103201755741504,48.35861279167954
26.3,4.040367877067361,2.0100666349818757,48.55963212293267
26.4,4.039373573404782,2.0098192887433393,48.760626426595245
26.5,4.038403679008439,2.009577985301501,48.96159632099158
26.6,4.037457589036687,2.0093425763260697,49.16254241096335
26.7,4.036534734782182,2.009112922357074,49.363465265217854
26.8,4.035634619629191,2.008888901763657,49.564365380370845
26.9,4.0347566312252585,2.008670364003327,49.76524336877477
27,4.033900227755148,2.0084571759823877,49.96609977224488
27.1,4.03306488005057,2.008249207655905,50.166935119949464
27.2,4.032250071162319,2.008046331926213,50.3677499288377
27.3,4.031455295932411,2.0078484245411583,50.56854470406763
27.4,4.030680060566207,2.007655363992089,50.76931993943383
27.5,4.029923882204556,2.0074670314116134,50.97007611779548
27.6,4.0291863398584615,2.007283323265169,51.170813660141576
27.7,4.028466956029712,2.0071041218705403,51.371533043970324
27.8,4.027765278857352,2.0069293158597667,51.572234721142685
27.9,4.027080873075226,2.006758797931437,51.772919126924805
28,4.02641331317821,2.00659246315195,51.973586686821825
28.1,4.025762183043524,2.006430208864371,52.17423781695651
28.2,4.025127075552072,2.00627193459712,52.37487292444796
28.3,4.024507592209754,2.0061175419724924,52.575492407790286
28.4,4.02390337231061,2.005966941978509,52.77609662768942
28.5,4.023314058626871,2.0058200464216305,52.97668594137316
28.6,4.022739259575288,2.0056767584970636,53.17726074042474
28.7,4.022178616050708,2.0055369894496358,53.37782138394933
28.8,4.021631776734994,2.0054006524221024,53.57836822326505
28.9,4.021098397773219,2.005267662376576,53.778901602226824
29,4.020578142449843,2.005137936015835,53.97942185755019
29.1,4.020070680864897,2.0050113917045205,54.17992931913514
29.2,4.019575698027034,2.004887951489318,54.38042430197301
29.3,4.019092959405001,2.00476755745024,54.580907040595044
29.4,4.018622110880131,2.0046501218118165,54.78137788911991
29.5,4.0181628580451125,2.0045355716587103,54.98183714195493
29.6,4.017714913120127,2.0044238356994577,55.182285086879915
29.7,4.0172779947049,2.0043148442060943,55.382722005295136
29.8,4.016851827530753,2.0042085289536997,55.583148172469286
29.9,4.016436142212657,2.004104823159871,55.783563857787385
30,4.016030675001284,2.0040036614241212,55.98396932499876
30.1,4.01563521911496,2.0039049925370613,56.18436478088508
30.2,4.015249519480161,2.003808753219768,56.384750480519884
30.3,4.01487332172204,2.0037148803465126,56.585126678278
30.4,4.014506391895522,2.003623315869408,56.78549360810452
30.5,4.014148501617285,2.0035340031098263,56.98585149838276
30.6,4.013799427877638,2.0034468867124073,57.18620057212241
30.7,4.013458952852405,2.0033619125990203,57.38654104714763
30.8,4.013126863714793,2.0032790279226687,57.586873136285256
30.9,4.012802960937425,2.003198183140506,57.78719703906262
31,4.012487056358895,2.0031193315324214,57.98751294364116
31.1,4.0121789421877745,2.0030424214648512,58.18782105781227
31.2,4.011878427149296,2.0029674054136017,58.38812157285075
31.3,4.01158532444801,2.002894236960107,58.58841467555204
31.4,4.011299451601774,2.0028228707506246,58.78870054839827
31.5,4.0110206302757465,2.0027532624553994,58.9889793697243
31.6,4.0107486861163775,2.0026853687277932,59.18925131388368
31.7,4.01048344858539,2.0026191471633816,59.38951655141466
31.8,4.010224767278474,2.002554560374941,59.58977523272158
31.9,4.009972470919645,2.0024915657549336,59.790027529080405
32,4.00972640117905,2.0024301239191966,59.990273598821005
32.1,4.009486403380369,2.0023701963873637,60.190513596619674
32.2,4.009252326098797,2.002311745482905,60.39074767390125
32.3,4.009024021008535,2.0022547342954478,60.59097597899151
32.4,4.008801342730265,2.002199126643068,60.79119865726978
32.5,4.0085841486786435,2.002144887034563,60.991415851321406
32.6,4.00837232250886,2.0020919865253095,61.1916276774912
32.7,4.00816573465846,2.0020403928638553,61.3918342653416
32.8,4.007964242827082,2.001990070611511,61.592035757172965
32.9,4.0077677195670045,2.001940988033115,61.79223228043303
33,4.00757604012414,2.001893114060823,61.992423959875914
33.1,4.007389082319718,2.0018464182648272,62.19261091768034
33.2,4.007206726431981,2.001800870824064,62.392793273568074
33.3,4.007028855077893,2.001756442496912,62.59297114492215
33.4,4.006855362333447,2.0017131068995493,62.79314463766662
33.5,4.006686170193268,2.0016708446178826,62.993313829806795
33.6,4.006521148683989,2.0016296232530104,63.19347885131607
33.7,4.006360194540338,2.001589417073426,63.393639805459735
33.8,4.006203206980156,2.0015502009642816,63.59379679301991
33.9,4.006050087624853,2.0015119504077044,63.793949912375204
34,4.005900740419881,2.0014746414631093,63.99409925958019
34.1,4.0057550715552,2.001438250747497,64.19424492844487
34.2,4.005612989385742,2.0014027554157465,64.39438701061432
34.3,4.005474418868507,2.001368136767573,64.59452558113156
34.4,4.005339268385599,2.001334371959268,64.79466073161446
34.5,4.005207452402814,2.0013014396644038,64.99479254759724
34.6,4.005078889465356,2.0012693195732942,65.19492111053471
34.7,4.004953500161928,2.0012379918845054,65.39504649983816
34.8,4.004831207059293,2.0012074372886217,65.59516879294077
34.9,4.004711934636814,2.0011776369520056,65.79528806536325
35,4.004595609221027,2.0011485725005596,65.99540439077904
35.1,4.004482157320676,2.001120225603818,66.19551784267941
35.2,4.004371507315291,2.001092578396934,66.3956284926848
35.3,4.004263591625895,2.001065614023162,66.5957364083742
35.4,4.004158342833628,2.0010393156641446,66.79584165716643
35.5,4.004055694981195,2.0010136668651706,66.99594430501888
35.6,4.003955583504372,2.000988651518137,67.1960444164957
35.7,4.003857945163533,2.000964253844514,67.39614205483655
35.8,4.003762717975163,2.0009404583783006,67.59623728202492
35.9,4.003669843088778,2.0009172504351045,67.7963301569113
36,4.003579282066671,2.000894620430239,67.99642071793342
36.1,4.003490965342256,2.0008725509992527,68.19650903465784
36.2,4.003404838175458,2.0008510284814953,68.39659516182462
36.3,4.0033208471024615,2.0008300395342085,68.59667915289761
36.4,4.003238939886475,2.000809571120269,68.79676106011361
36.5,4.003159065468464,2.000789610495932,68.9968409345316
36.6,4.003081173917911,2.000770145198571,69.19691882608218
36.7,4.003005216383561,2.000751163034414,69.39699478361653
36.8,4.002931145044175,2.000732652066281,69.5970688549559
36.9,4.002858913059276,2.0007146006013143,69.7971410869408
37,4.002788474519899,2.000696997178708,69.99721152548018
37.1,4.0027197843993445,2.0006798305574396,70.19728021560074
37.2,4.002652798503921,2.000663089703991,70.39734720149617
37.3,4.002587473423704,2.0006467637800793,70.59741252657636
37.4,4.002523766483279,2.0006308421303713,70.79747623351679
37.5,4.002461635692494,2.0006153142702106,70.99753836430757
37.6,4.00240105133117,2.000600172780951,71.19759894866891
37.7,4.002341989989874,2.0005854118207185,71.3976580100102
37.8,4.002284394483163,2.000571017105657,71.5977156055169
37.9,4.002228226965488,2.000556979184919,71.79777177303458
38,4.002173450196571,2.000543288758474,71.9978265498035
38.1,4.0021200274986,2.0005299366664326,72.19787997250148
38.2,4.002067922713419,2.000516913878365,72.39793207728667
38.3,4.002017100159725,2.0005042114826264,72.59798289984035
38.4,4.0019675245902615,2.000491820675671,72.79803247540981
38.5,4.001919161149012,2.000479732751375,72.99808083885105
38.6,4.0018719753283865,2.0004679390903486,73.19812802467169
38.7,4.001825932926431,2.000456431149259,73.39817406707364
38.8,4.001781000004007,2.0004452004501414,73.598219
38.9,4.0017371428419874,2.000434238569713,73.79826285715808
39,4.001694327898457,2.0004235371286896,73.99830567210162
39.1,4.001652608198465,2.0004131093847755,74.1983473918016
39.2,4.001611992994954,2.000402957655021,74.39838800700512
39.3,4.001572378839874,2.0003930560866965,74.5984276211602
39.4,4.001533740755248,2.000383398440221,74.7984662592448
39.5,4.001496054366259,2.0003739786265617,74.99850394563381
39.6,4.001459295880182,2.0003647907019815,75.19854070411988
39.7,4.001423442065292,2.000355828862778,75.39857655793479
39.8,4.001388470229792,2.0003470874400255,75.59861152977027
39.9,4.001354358200743,2.000338560894316,75.79864564179931
40,4.001321084302973,2.0003302438104997,75.99867891569711
40.1,4.0012886273380115,2.000322130892425,76.19871137266206
40.2,4.001256966563003,2.0003142169576766,76.39874303343706
40.3,4.001226081669634,2.000306496932316,76.59877391833044
40.4,4.001195952763053,2.000298965845619,76.79880404723701
40.5,4.001166560340803,2.000291618824816,76.99883343965926
40.6,4.0011378969936215,2.000284454019883,77.19886210300645
40.7,4.001109943376487,2.0002774665971934,77.3988900566236
40.8,4.001082675846655,2.0002706506487202,77.5989173241534
40.9,4.00105607705741,2.00026400184011,77.79894392294267
41,4.001030130006661,2.0002575159230527,77.99896986999342
41.1,4.001004818017678,2.000251188730475,78.1989951819824
41.2,4.000980124719829,2.0002450161717262,78.39901987528025
41.3,4.000956034029311,2.0002389942277676,78.59904396597076
41.4,4.0009325301298855,2.0002331189463605,78.79906746987018
41.5,4.000909597453613,2.0002273864372553,78.99909040254647
41.6,4.000887220661584,2.000221792867377,79.19911277933848
41.7,4.000865384624655,2.0002163344560144,79.39913461537544
41.8,4.000844074404187,2.0002110074700084,79.59915592559588
41.9,4.000823275232771,2.000205808218937,79.79917672476729
42,4.000802972494973,2.000200733050304,79.9991970275051
42.1,4.0007832013331175,2.000195790749775,80.19921679866695
42.2,4.000763928282639,2.0001909729529928,80.39923607171744
42.3,4.0007451289475835,2.000186273562436,80.5992548710525
42.4,4.0007267917977805,2.0001816896966584,80.79927320820228
42.5,4.000708905547062,2.000177218535163,80.999291094453
42.6,4.000691459139726,2.0001728573150186,81.19930854086034
42.7,4.000674441737003,2.00016860332748,81.39932555826307
42.8,4.000657842703514,2.000164453914606,81.59934215729655
42.9,4.000641651593744,2.0001604064658776,81.79935834840633
43,4.000625858138502,2.0001564584148164,81.99937414186157
43.1,4.000610452231389,2.0001526072356053,82.19938954776869
43.2,4.000595423915256,2.0001488504397007,82.39940457608482
43.3,4.000580763368678,2.000145185572457,82.5994192366314
43.4,4.0005664608924105,2.00014161020974,82.79943353910765
43.5,4.000552506895864,2.0001381219545475,82.99944749310421
43.6,4.000538914313983,2.000134724040854,83.1994610856861
43.7,4.000525659958287,2.0001314106723806,83.39947434004178
43.8,4.000512733648738,2.000128179304701,83.59948726635133
43.9,4.000500127115254,2.0001250278708214,83.79949987288481
44,4.000487832200995,2.000121954332034,83.99951216779907
44.1,4.000475840851037,2.0001189566750863,84.19952415914905
44.2,4.000464145101046,2.0001160329093524,84.39953585489901
44.3,4.000452737065972,2.0001131810640045,84.5995472629341
44.4,4.000441608928717,2.0001103991851843,84.79955839107134
44.5,4.000430752928816,2.0001076853331714,84.99956924707125
44.6,4.000420161351113,2.000105037579555,85.19957983864894
44.7,4.0004098265144545,2.000102454004408,85.39959017348563
44.8,4.0003997407603515,2.000099932693452,85.59960025923971
44.9,4.00038989644167,2.000097471735233,85.7996101035584
45,4.0003802883031865,2.000095069816229,85.9996197116969
45.1,4.000370951202573,2.000092735650668,86.19962904879749
45.2,4.000361845725461,2.0000904593856403,86.3996381542746
45.3,4.000352965965302,2.000088239544771,86.59964703403476
45.4,4.000344306102696,2.0000860746734617,86.79965569389735
45.5,4.000335860398241,2.0000839633371,86.99966413960182
45.6,4.00032762318539,2.000081904119276,87.19967237681466
45.7,4.000319588863272,2.0000798956199906,87.39968041113681
45.8,4.000311751889567,2.0000779364538688,87.59968824811048
45.9,4.000304106773333,2.0000760252483736,87.79969589322674
46,4.000296648067861,2.000074160642015,87.99970335193221
46.1,4.000289370363516,2.000072341282564,88.19971062963654
46.2,4.0002822682805945,2.000070565825265,88.39971773171949
46.3,4.000275336462151,2.0000688329310448,88.59972466353791
46.4,4.000268569566868,2.0000671412647297,88.7997314304332
46.5,4.000261968061085,2.000065490943005,88.99973803193896
46.6,4.000255548989598,2.000063886227037,89.19974445101046
46.7,4.000249288134267,2.000062321062588,89.39975071186579
46.8,4.000243181409712,2.0000607944284376,89.59975681859035
46.9,4.000237224802492,2.0000593053213427,89.79976277519758
47,4.000231414366834,2.0000578527549733,89.99976858563323
47.1,4.000225746220364,2.000056435758842,90.1997742537797
47.2,4.000220216539844,2.0000550533772423,90.39977978346023
47.3,4.000214821556898,2.0000537046681766,90.59978517844316
47.4,4.000209557553747,2.0000523887022927,90.79979044244632
47.5,4.000204420858943,2.0000511045618166,90.99979557914112
47.6,4.000199407843091,2.000049851339484,91.19980059215698
47.7,4.000194514914591,2.000048628137474,91.39980548508547
47.8,4.0001897385153695,2.0000474340663446,91.59981026148469
47.9,4.000185075116599,2.0000462682439624,91.79981492488346
48,4.000180527189782,2.0000451312882372,91.99981947281027
48.1,4.000176100126561,2.0000440245471,92.19982389987351
48.2,4.000171781208887,2.000042944841157,92.39982821879117
48.3,4.000167567737866,2.000041891495742,92.5998324322622
48.4,4.000163457077208,2.0000408638518383,92.79983654292286
48.5,4.000159446650663,2.0000398612654355,92.99984055334942
48.6,4.0001555339394645,2.000038883106892,93.19984446606061
48.7,4.0001517164797615,2.0000379287602925,93.3998482835203
48.8,4.000147991860059,2.000036997622809,93.59985200813999
48.9,4.00014435771866,2.000036089104059,93.7998556422814
49,4.00014081174109,2.000035202625466,93.99985918825897
49.1,4.000137351657555,2.0000343376196206,94.19986264834252
49.2,4.000133975240356,2.0000334935296347,94.39986602475972
49.3,4.0001306803013446,2.000032669808507,94.5998693196987
49.4,4.000127464689354,2.000031865918479,94.79987253531071
49.5,4.000124328775474,2.0000310819523466,94.99987567122459
49.6,4.0001212717260985,2.000030317701734,95.19987872827397
49.7,4.000118289392299,2.000029572129447,95.39988171060777
49.8,4.000115379965488,2.0000288447833667,95.59988462003459
49.9,4.000112541677095,2.0000281352213762,95.79988745832297
50,4.000109772796506,2.000027443010847,95.99989022720355
50,4.000109772796506,2.000027443010847,95.99989022720355
