"time","h1","h2"
0,0,0
0.1,0.2,0
0.2,0.4,0
0.3,0.6,0
0.4,0.8,0
0.5,1,0
0.6,1.2,0
0.7,1.4,0
0.8,1.6,0
0.9,1.8,0
1,2,0
1.1,2.2,0
1.2,2.4,0
1.3,2.6,0
1.4,2.8,0
1.5,3,0
1.6,3.2,0
1.7,3.4,0
1.8,3.6,0
1.9,3.8,0
2,4,0
2.1,4.2,0
2.2,4.4,0
2.3,4.6,0
2.4,4.8,0
2.5,5,0
2.6,5.2,0
2.7,5.4,0
2.8,5.6,0
2.9,5.8,0
3,6,0
3.1,6.2,0
3.2,6.4,0
3.3,6.6,0
3.4,6.8,0
3.5,7,0
3.6,7.2,0
3.7,7.4,0
3.8,7.6,0
3.9,7.8,0
4,8,0
4.1,8.2,0
4.2,8.4,0
4.3,8.6,0
4.4,8.8,0
4.5,9,0
4.6,9.2,0
4.7,9.4,0
4.8,9.6,0
4.9,9.8,0
5,10,0
5.000000001000076,10.000000002000151,0
5.000000001000076,10.000000002000151,0
5.1,9.886950424865107,0.2773228340444853
5.2,9.779847221486806,0.5213160365177547
5.3,9.67827762506623,0.7433666641653436
5.4,9.58192384570165,0.947748240565137
5.5,9.490512524899339,1.1370393023295406
5.6,9.403798200427836,1.3130484710753665
5.7,9.321555218036048,1.4771538239387958
5.8,9.243573105865861,1.630461593294117
5.9,9.169653678458134,1.7738924879398699
6,9.099609119166846,1.9082318484072487
6.1,9.03326059981294,2.034162826829926
6.2,8.970437274194182,2.1522893402263517
6.3,8.910975555001068,2.2631512640821896
6.4,8.854718557318684,2.367235608918533
6.5,8.801515638693127,2.464985563373654
6.6,8.751222030634409,2.556807630308769
6.7,8.703698621751766,2.6430752696225173
6.8,8.658811698972393,2.7241336312780766
6.9,8.616432751317538,2.800302674602574
7,8.576438287951346,2.871880117840858
7.1,8.538709689815146,2.9391436818398833
7.2,8.503133078740321,3.002352907770572
7.3,8.469599194523274,3.061750704471324
7.4,8.438003274844116,3.1175647202052654
7.5,8.40824493730478,3.1700085854791604
7.6,8.380228065745948,3.2192828935587134
7.7,8.353860698706702,3.2655760770465867
7.8,8.32905491497569,3.3090655105756945
7.9,8.305726722193702,3.3499184754894555
8,8.283795950183418,3.388292266147863
8.1,8.263186145523516,3.424334429432039
8.2,8.24382444374048,3.4581845112006637
8.3,8.225641461607319,3.489973804183318
8.4,8.208571181221929,3.5198259056728114
8.5,8.19255082476504,3.5478569649454754
8.6,8.177520749193723,3.5741766178122334
8.7,8.163424317557473,3.598888022662023
8.8,8.150207793723954,3.622088344922337
8.9,8.137820221107448,3.6438689952624923
9,8.126213314201332,3.6643161164284344
9.1,8.115341346573718,3.6835107284601385
9.2,8.105161039943528,3.701529121311701
9.3,8.095631459202528,3.718443015003961
9.4,8.086713904155706,3.734319922111271
9.5,8.078371808585782,3.7492233006943105
9.6,8.070570638454807,3.7632128443248147
9.7,8.06327779475847,3.7763446574543478
9.8,8.056462519353518,3.7886714909511907
9.9,8.050095802601126,3.800242918581734
10,8.044150296938227,3.8111055274489085
10.1,8.038600229749285,3.821303088559984
10.2,8.033421324664106,3.8308767188978927
10.3,8.028590719267653,3.8398650393696667
10.4,8.024086894727041,3.848304313736168
10.5,8.019889597447293,3.8562285969065973
10.6,8.015979777605743,3.8636698522517645
10.7,8.012339514131039,3.8706580926774645
10.8,8.008951962362564,3.8772214761152695
10.9,8.005801282077597,3.883386440918469
11,8.00287259388974,3.8891777813060737
11.1,8.000151910343769,3.894618776608007
11.2,7.997626100296673,3.8997312498450976
11.3,7.995282823148681,3.9045356900229544
11.4,7.99311050034674,3.9090512972666493
11.5,7.991098252770593,3.913296097690058
11.6,7.989235878597018,3.9172869775470924
11.7,7.987513793772461,3.92103979090829
11.8,7.985923030255637,3.924569356041148
11.9,7.984455170918725,3.9278895729587333
12,7.983102315344846,3.9310134820731406
12.1,7.981857047557054,3.9339533190143228
12.2,7.980712409678989,3.9367205677859283
12.3,7.979661843650365,3.939326051062099
12.4,7.978699165213984,3.941779981399489
12.5,7.977818625367952,3.944091840225498
12.6,7.977015034320094,3.9462701396168005
12.7,7.976283235152293,3.948323404990416
12.8,7.975618471575158,3.9502594797831487
12.9,7.975016375888354,3.9520855624075177
13,7.974472788544863,3.9538085145410737
13.1,7.973983763587953,3.955434851257264
13.2,7.973545629412954,3.9569706339154043
13.3,7.973155143182103,3.9584211919605106
13.4,7.972809016320315,3.959791964697111
13.5,7.972504230886163,3.961087936386231
13.6,7.972238027392512,3.962313666672664
13.7,7.972007815642495,3.96347343856062
13.8,7.971811090147203,3.9645713987915507
13.9,7.971645519573775,3.965611409403062
14,7.971509064235763,3.966596845858001
14.1,7.9713996460888525,3.9675311580381143
14.2,7.971315356488601,3.9684175161200463
14.3,7.971254442778091,3.9692588338399237
14.4,7.971215300326397,3.9700577815557
14.5,7.971196336923642,3.9708170140654415
14.6,7.97119607996114,3.9715389899475317
14.7,7.971213239668806,3.972225863814628
14.8,7.971246524881472,3.972879797621421
14.9,7.971294730573779,3.9735028121176486
15,7.971356746044897,3.974096773257459
15.1,7.971431576646948,3.974663356180206
15.2,7.971518222765145,3.975204245897594
15.3,7.971615764898272,3.9757209959114577
15.4,7.97172338050809,3.976215001080444
15.5,7.9718402783727536,3.9766876051340403
15.6,7.971965702027554,3.97714009499886
15.7,7.9720989525935755,3.9775736634439656
15.8,7.972239414225354,3.977989367841708
15.9,7.972386462473944,3.9783882791832266
16,7.972539524285149,3.9787713845563912
16.1,7.972698081444222,3.9791395813094
16.2,7.9728616499144405,3.979493710855361
16.3,7.973029756179212,3.9798345973821845
16.4,7.973201962595839,3.980163006323549
16.5,7.973377892102951,3.9804796036501275
16.6,7.973557156289349,3.9807850740626685
16.7,7.973739400922199,3.9810800461169613
16.8,7.97392430225413,3.9813650982946256
16.9,7.974111566568695,3.9816407597181005
17,7.974300901292509,3.981907557490215
17.1,7.974492037662671,3.9821659794940776
17.2,7.974684741104871,3.982416457611789
17.3,7.974878778354999,3.9826594211770168
17.4,7.975073932053037,3.9828952732450045
17.5,7.975270002929957,3.983124387069081
17.6,7.975466814442467,3.9833470986295647
17.7,7.975664188662088,3.9835637456339112
17.8,7.975861963044044,3.9837746404117627
17.9,7.976059998345898,3.983980057061384
18,7.976258160454514,3.9841802609211694
18.1,7.976456320909249,3.984375507727213
18.2,7.976654363063058,3.9845660336296076
18.3,7.976852178445752,3.984752061094892
18.4,7.977049665882218,3.984933800341649
18.5,7.977246730610625,3.9851114507760954
18.6,7.977443285784742,3.985285198377097
18.7,7.9776392485066605,3.985455222373988
18.8,7.977834537965718,3.9856216983459873
18.9,7.978029077605255,3.9857847944783176
19,7.978222793124543,3.9859446748943648
19.1,7.978415611616962,3.986101501057348
19.2,7.97860746070818,3.9862554331719924
19.3,7.978798337539628,3.9864065182424318
19.4,7.97898825935032,3.986554770270321
19.5,7.979177120128538,3.986700402881178
19.6,7.97936487936369,3.9868435230241808
19.7,7.979551498847732,3.9869842335328736
19.8,7.979736942229802,3.9871226338510217
19.9,7.979921174570859,3.987258820758461
20,7.980104180593271,3.9873928586910674
20.1,7.980285977066867,3.9875247595973096
20.2,7.980466510200418,3.987654649824494
20.3,7.9806457596640366,3.987782600935955
20.4,7.980823706286694,3.9879086822500383
20.5,7.981000331735141,3.988032961363787
20.6,7.981175618192845,3.988155504676638
20.7,7.981349557254704,3.988276362976471
20.8,7.981522193944851,3.9883955000954208
20.9,7.981693483702301,3.988513024721872
21,7.981863420051246,3.9886289834658846
21.1,7.982031997220206,3.988743421452215
21.2,7.982199209929971,3.988856382667326
21.3,7.9823650531815415,3.9889679103064
21.4,7.982529522294462,3.9890780467148974
21.5,7.9826926520080335,3.989186770079546
21.6,7.982854420298246,3.989294150171525
21.7,7.983014827700882,3.9894002199101912
21.8,7.983173874921014,3.989505011621405
21.9,7.983331562679184,3.989608557290242
22,7.9834878915575676,3.9897108888137005
22.1,7.983642861846164,3.9898120382534077
22.2,7.983796502886867,3.9899119902040345
22.3,7.983948807996697,3.990010787436194
22.4,7.984099777754626,3.9901084606314314
22.5,7.984249416241502,3.990205034489003
22.6,7.984397727361199,3.990300533700794
22.7,7.984544714738355,3.990394983120346
22.8,7.984690381616082,3.9904884079318856
22.9,7.984834753252681,3.9905807972176373
23,7.984977834463358,3.990672173032308
23.1,7.985119625294631,3.9907625649063556
23.2,7.985260132536824,3.9908519911199103
23.3,7.985399362926111,3.9909404697644484
23.4,7.985537323091555,3.9910280188315967
23.5,7.985674019502152,3.991114656301931
23.6,7.985809468339442,3.9912003840618007
23.7,7.98594368153386,3.9912852106571495
23.8,7.986076662111138,3.9913691588782774
23.9,7.986208418824791,3.991452241921263
24,7.98633896048402,3.991534472632166
24.1,7.986468295929253,3.991615863549397
24.2,7.986596434007687,3.9916964269460773
24.3,7.986723385281565,3.9917761720316185
24.4,7.986849160985137,3.9918551066640355
24.5,7.986973768786134,3.9919332443011855
24.6,7.987097218144454,3.992010595217569
24.7,7.98721951852126,3.9920871694427498
24.8,7.987340679361512,3.9921629767922684
24.9,7.987460710076476,3.99223802689855
25,7.98757962055179,3.992312328361193
25.1,7.9876974217034125,3.9923858878169383
25.2,7.9878141220485706,3.9924587156875226
25.3,7.987929731083705,3.9925308205207504
25.4,7.988044258240354,3.9926022107417842
25.5,7.988157712871077,3.9926728946783707
25.6,7.988270104235362,3.992742880586076
25.7,7.988381441485555,3.9928121766735174
25.8,7.988491733652768,3.9928807911275976
25.9,7.988600989632792,3.9929487321387325
26,7.988709218172019,3.993016007926086
26.1,7.98881642785336,3.993082626762802
26.2,7.9889226270821565,3.9931485970012344
26.3,7.9890278240720995,3.993213927098185
26.4,7.989132026831145,3.993278625640127
26.5,7.989235261014652,3.9933426721358507
26.6,7.989337523216717,3.9934060934387845
26.7,7.98943882170346,3.9934688971053744
26.8,7.989539164895372,3.993531090241334
26.9,7.989638561071925,3.9935926799871226
27,7.9897370183633605,3.9936536735335646
27.1,7.9898345447424886,3.9937140781374607
27.2,7.9899311480164785,3.9937739011372093
27.3,7.990026835818652,3.993833149968418
27.4,7.990121615600279,3.9938918321795245
27.5,7.990215494622368,3.993949955447408
27.6,7.990308479947469,3.9940075275930087
27.7,7.9904005784314505,3.994064556596941
27.8,7.990491796715312,3.994121050615114
27.9,7.990582164533721,3.9941769789963235
28,7.990671684467707,3.994232356324375
28.1,7.990760355124447,3.994287203651049
28.2,7.990848184081436,3.99434152684844
28.3,7.990935178818018,3.994395331778161
28.4,7.991021346713028,3.9944486242971826
28.5,7.991106695042425,3.994501410263672
28.6,7.991191230976931,3.9945536955428307
28.7,7.9912749615796805,3.9946054860127376
28.8,7.9913578938038485,3.994656787570183
28.9,7.991440034490296,3.994707606136509
29,7.991521390365205,3.9947579476634503
29.1,7.991601968037725,3.994807818138972
29.2,7.9916817739976045,3.9948572235931064
29.3,7.991760823710798,3.9949061569027653
29.4,7.991839133064946,3.9949546096225954
29.5,7.9919166970580795,3.9950026035754025
29.6,7.991993522722305,3.995050143153859
29.7,7.992069617034542,3.995097232664617
29.8,7.9921449869165215,3.995143876328305
29.9,7.992219639234789,3.9951900782795327
30,7.992293580800704,3.9952358425668844
30.1,7.992366818370439,3.995281173152925
30.2,7.992439358644981,3.9953260739141974
30.3,7.9925112082701295,3.995370548641222
30.4,7.992582373836498,3.9954146010384974
30.5,7.992652861879513,3.9954582347245
30.6,7.992722678879416,3.995501453231687
30.7,7.992791831529143,3.9955442608047425
30.8,7.99286032870477,3.9955866682722596
30.9,7.992928174706372,3.9956286729053536
31,7.992995375876153,3.995670278138862
31.1,7.993061938504723,3.995711487332299
31.2,7.9931278688310945,3.9957523037698497
31.3,7.993193173042684,3.9957927306603804
31.4,7.99325785727531,3.9958327711374286
31.5,7.993321927613198,3.9958724282592066
31.6,7.993385390088972,3.995911705008605
31.7,7.993448250683661,3.9959506042931867
31.8,7.993510515326701,3.9959891289451908
31.9,7.993572189895923,3.996027281721532
32,7.993633280217572,3.996065065303801
32.1,7.993693792066287,3.99610248229826
32.2,7.993753725820182,3.9961395629738217
32.3,7.993813089693062,3.9961762965923513
32.4,7.993871890241624,3.9962126806722913
32.5,7.993930132839583,3.99624871852821
32.6,7.993987822800857,3.9962844134418645
32.7,7.994044965379584,3.9963197686622003
32.8,7.994101565770108,3.996354787405355
32.9,7.994157629106985,3.9963894728546503
33,7.994213160464983,3.9964238281606
33.1,7.994268164859081,3.996457856440908
33.2,7.99432264724447,3.996491560780463
33.3,7.994376612516549,3.9965249442313486
33.4,7.994430065510932,3.9965580098128326
33.5,7.994483011003442,3.9965907605113733
33.6,7.994535453710112,3.9966231992806183
33.7,7.994587398287188,3.996655329041405
33.8,7.994638849331129,3.9966871526817576
33.9,7.994689811378604,3.996718673056891
34,7.994740288906487,3.99674989298921
34.1,7.994790286331872,3.9967808152683064
34.2,7.9948398092131105,3.996811442781898
34.3,7.994888871926093,3.9968417793526787
34.4,7.994937469813395,3.9968718267020784
34.5,7.994985607261216,3.99690158751115
34.6,7.995033288603444,3.9969310644289506
34.7,7.995080518121648,3.9969602600725427
34.8,7.995127300045096,3.996989177026991
34.9,7.995173638550738,3.9970178178453657
35,7.995219537763212,3.9970461850487404
35.1,7.995265001754849,3.9970742811261935
35.2,7.995310034545668,3.997102108534808
35.3,7.995354640103368,3.99712966969967
35.4,7.9953988223433505,3.9971569670138707
35.5,7.995442585128694,3.997184002838505
35.6,7.995485932270169,3.997210779502672
35.7,7.995528867526239,3.9972372993034746
35.8,7.995571394603048,3.997263564506021
35.9,7.9956135171544345,3.9972895773434236
36,7.995655238781924,3.997315340016797
36.1,7.995696563034731,3.997340854695262
36.2,7.995737493409757,3.9973661235159432
36.3,7.995778039158358,3.9973911562195448
36.4,7.99581820819327,3.9974159608233433
36.5,7.995857996313883,3.9974405294530424
36.6,7.995897407025141,3.9974648644034976
36.7,7.995936443786599,3.9974889679466807
36.8,7.995975110012433,3.9975128423316817
36.9,7.996013409071436,3.9975364897847028
37,7.996051344287021,3.997559912509067
37.1,7.996088918937214,3.99758311268521
37.2,7.9961261362546665,3.9976060924706864
37.3,7.9961629994266445,3.9976288540001663
37.4,7.996199511595034,3.997651399385435
37.5,7.996235675856333,3.9976737307153956
37.6,7.9962714952616665,3.997695850056067
37.7,7.996306972816772,3.9977177594505853
37.8,7.996342111482006,3.997739460919201
37.9,7.996376914172347,3.9977609564592833
38,7.996411383757385,3.9977822480453145
38.1,7.996445523061333,3.9978033376288966
38.2,7.996479334863023,3.9978242271387465
38.3,7.996512821895902,3.997844918480698
38.4,7.996546003018352,3.9978654137174274
38.5,7.996578874913133,3.9978857146427598
38.6,7.996611434312799,3.9979058230286912
38.7,7.996643684092367,3.997925740693112
38.8,7.996675627091185,3.9979454694311363
38.9,7.9967072661129315,3.997965011015101
39,7.996738603925622,3.997984367194571
39.1,7.996769643261604,3.998003539696331
39.2,7.996800386817559,3.9980225302243935
39.3,7.9968308372545005,3.9980413404599937
39.4,7.996860997197775,3.998059972061592
39.5,7.996890869237067,3.9980784266648723
39.6,7.996920455926386,3.9980967058827437
39.7,7.9969497597840835,3.9981148113053373
39.8,7.99697878329284,3.9981327445000114
39.9,7.99700752889967,3.9981505070113488
40,7.997035999015919,3.9981681003611524
40.1,7.997064196017271,3.998185526048454
40.2,7.997092122243738,3.9982027855495077
40.3,7.99711978,3.9982198803177926
40.4,7.997147171644934,3.998236811820593
40.5,7.997174319092453,3.9982535893609747
40.6,7.997201208251542,3.998270207789696
40.7,7.9972278415509415,3.9982866685762706
40.8,7.997254221391933,3.9983029731707296
40.9,7.997280350148332,3.998319123003618
41,7.9973062301664894,3.998335119485996
41.1,7.997331863765293,3.9983509640094406
41.2,7.99735725323617,3.998366657946042
41.3,7.99738240084308,3.9983822026484055
41.4,7.99740730882252,3.998397599449654
41.5,7.997431979383529,3.9984128496634246
41.6,7.997456414707675,3.998427954583868
41.7,7.997480616949064,3.998442915485652
41.8,7.997504588234342,3.998457733623959
41.9,7.997528330662691,3.998472410234487
42,7.997551846305826,3.9984869465334474
42.1,7.997575137208,3.99850134371757
42.2,7.997598205386005,3.998515602964098
42.3,7.9976210528291665,3.9985297254307888
42.4,7.997643681499348,3.998543712255917
42.5,7.997666096187553,3.998557567427682
42.6,7.9976883035727395,3.998571296838807
42.7,7.997710299694761,3.9985848957033077
42.8,7.997732086540984,3.998598365217484
42.9,7.9977536660754325,3.9986117065622904
43,7.997775040238785,3.9986249209033335
43.1,7.997796210948381,3.9986380093908735
43.2,7.99781718009821,3.998650973159824
43.3,7.997837949558923,3.998663813329754
43.4,7.997858521177826,3.998676531004883
43.5,7.99787889677888,3.998689127274086
43.6,7.997899078162703,3.9987016032108915
43.7,7.9979190671065705,3.998713959873481
43.8,7.997938865364412,3.99872619830469
43.9,7.997958474666816,3.9987383195320074
44,7.997977896721025,3.998750324567575
44.1,7.997997133210941,3.9987622144081887
44.2,7.998016185797118,3.998773990035297
44.3,7.998035056116769,3.9987856524150045
44.4,7.998053745783763,3.9987972024980665
44.5,7.998072256388627,3.998808641219893
44.6,7.998090593016139,3.998819973290359
44.7,7.998108756954083,3.9988311993383108
44.8,7.9981267477538385,3.9988423181316226
44.9,7.998144567037933,3.9988533306793967
45,7.998162216412119,3.998864237982471
45.1,7.998179697465534,3.998875041033577
45.2,7.998197011770839,3.9988857408175065
45.3,7.998214160884375,3.998896338311269
45.4,7.99823114634631,3.9989068344842527
45.5,7.998247969680786,3.9989172302983844
45.6,7.9982646323960775,3.9989275267082958
45.7,7.998281135984726,3.9989377246614755
45.8,7.998297481923699,3.9989478250984383
45.9,7.998313671674543,3.9989578289528827
46,7.998329706683523,3.99896773715185
46.1,7.998345588381778,3.99897755061589
46.2,7.998361318185473,3.9989872702592173
46.3,7.998376897495936,3.998996896989873
46.4,7.998392327699823,3.9990064317098892
46.5,7.998407610169257,3.9990158753154463
46.6,7.99842274626198,3.999025228697034
46.7,7.998437739654511,3.9990344915651046
46.8,7.99845259009004,3.9990436655978168
46.9,7.99846729870961,3.9990527517573846
47,7.99848186686975,3.999061750885553
47.1,7.998496295916213,3.999070663817746
47.2,7.998510587184177,3.999079491383196
47.3,7.998524741998466,3.999088234405075
47.4,7.998538761673759,3.999096893700618
47.5,7.998552647514804,3.999105470081259
47.6,7.998566400816636,3.9991139643527536
47.7,7.998580022864787,3.999122377315308
47.8,7.998593514935499,3.9991307097637105
47.9,7.99860687829594,3.999138962487459
48,7.998620114204416,3.999147136270887
48.1,7.9986332239105895,3.999155231893295
48.2,7.998646208655683,3.9991632501290786
48.3,7.998659069672703,3.9991711917478567
48.4,7.998671808186649,3.9991790575146
48.5,7.998684425414727,3.9991868481897592
48.6,7.998696922566567,3.999194564529394
48.7,7.998709300844426,3.9992022072853026
48.8,7.998721561443416,3.9992097772051474
48.9,7.99873370555171,3.999217275032587
49,7.998745734350756,3.999224701507403
49.1,7.998757649015492,3.9992320573656284
49.2,7.998769450714556,3.999239343339675
49.3,7.9987811406105065,3.999246560158467
49.4,7.998792719860031,3.9992537085475632
49.5,7.998804189614161,3.9992607892292895
49.6,7.9988155510184855,3.9992678029228648
49.7,7.998826805213367,3.9992747503445334
49.8,7.99883795333415,3.99928163220769
49.9,7.998848996511379,3.999288449223009
50,7.998859935871012,3.9992952020985735
50,7.998859935871012,3.9992952020985735
