"time","h1","h2","h1_ss","h2_ss"
0,8,4,8,4
0.06,8.440677184372106,4.003262366719711,8,4
0.12,8.843429054891418,4.012355396808096,8,4
0.18,9.211512577234393,4.02637911225068,8,4
0.24,9.547919744243442,4.044590705712606,8,4
0.3,9.85542143382114,4.066364738754848,8,4
0.36,10.13657803495232,4.091170737567881,8,4
0.42,10.393751418826747,4.11855389213579,8,4
0.48,10.629108209742656,4.148122976633555,8,4
0.54,10.844626925549063,4.179538772009395,8,4
0.6,11.042105261177374,4.212506155314689,8,4
0.66,11.223168157465434,4.246767955470499,8,4
0.72,11.389281182775306,4.282098004399997,8,4
0.78,11.541758180281025,4.318298930017843,8,4
0.84,11.681779195838232,4.355195014854256,8,4
0.9,11.810396631505853,4.3926328689193594,8,4
0.96,11.928551722360067,4.4304760015475075,8,4
1.02,12.037086184035251,4.468602712291554,8,4
1.08,12.1367533741671,4.506904145262396,8,4
1.14,12.228223358669311,4.545285804968742,8,4
1.2,12.31210207937668,4.583660173931546,8,4
1.26,12.388933410576954,4.6219495009766725,8,4
1.32,12.45920615410274,4.660085158197885,8,4
1.38,12.52336223566244,4.698005683965158,8,4
1.44,12.581804009413158,4.735655213859683,8,4
1.5,12.634899462676241,4.772983106229332,8,4
1.56,12.682985111611423,4.809944208202063,8,4
1.62,12.726369404884979,4.846498352452956,8,4
1.68,12.76533822840693,4.882609035755963,8,4
1.74,12.800159282784444,4.918242771671093,8,4
1.8,12.831077778381001,4.953370910563846,8,4
1.86,12.858324886829964,4.987967259692428,8,4
1.92,12.882118441022259,5.022008266559769,8,4
1.98,12.902662525303557,5.0554732406990555,8,4
2.04,12.920149979868048,5.088343913056568,8,4
2.1,12.934763161674937,5.120604348236046,8,4
2.16,12.946675922518596,5.152240609298088,8,4
2.22,12.956053859318645,5.18324064274499,8,4
2.28,12.96305432617414,5.21359424231024,8,4
2.34,12.967827000459279,5.243292955525357,8,4
2.4,12.970514441783568,5.272329983527224,8,4
2.46,12.971253298947516,5.300699971630248,8,4
2.52,12.970173691588878,5.328399025400448,8,4
2.58,12.967400437407653,5.355424528465449,8,4
2.64,12.963053301617364,5.381775055943879,8,4
2.7,12.95724673950027,5.407450342163809,8,4
2.76,12.950089671533192,5.43245125283194,8,4
2.82,12.941686963385028,5.4567795976946485,8,4
2.88,12.932138716704703,5.480438143684236,8,4
2.94,12.921539993107736,5.503430644538367,8,4
3,12.909981860531877,5.525761636396255,8,4
3.06,12.897551583501965,5.54743637303256,8,4
3.12,12.884331967180394,5.568460941036174,8,4
3.18,12.870401953935774,5.588842115403406,8,4
3.24,12.855836916519685,5.6085871566930035,8,4
3.3,12.840708501773848,5.627703967781729,8,4
3.36,12.82508473270882,5.64620113824213,8,4
3.42,12.809030081005641,5.664087572205365,8,4
3.48,12.792605453789148,5.68137253734851,8,4
3.54,12.775869035044353,5.698066037521787,8,4
3.6,12.758875607534616,5.71417833373091,8,4
3.66,12.741676041360503,5.729719707139111,8,4
3.72,12.72431904901212,5.744701051712924,8,4
3.78,12.706851352098017,5.75913382732741,8,4
3.84,12.689314694851364,5.773029025089553,8,4
3.9,12.671748570993886,5.786397988263267,8,4
3.96,12.65419230567255,5.799253002092086,8,4
4.02,12.636680853116703,5.811605920900619,8,4
4.08,12.619244147088173,5.823467928327964,8,4
4.14,12.60191418517796,5.834851675357874,8,4
4.2,12.584721090954588,5.845769998923714,8,4
4.26,12.567687744926145,5.856234155841288,8,4
4.32,12.55083792572029,5.866256414376141,8,4
4.38,12.534193785376157,5.875849074418727,8,4
4.44,12.517774615907276,5.885024199322496,8,4
4.5,12.501598020226051,5.893793883841428,8,4
4.56,12.485680671773256,5.902170160790089,8,4
4.62,12.470037142089485,5.910165056466595,8,4
4.68,12.454680483841223,5.917790555631808,8,4
4.74,12.439621858365111,5.925058334191541,8,4
4.8,12.42487079934761,5.931980039404595,8,4
4.86,12.410435273997056,5.938567354889308,8,4
4.92,12.396322953821493,5.944831530521307,8,4
4.98,12.382539942733988,5.950783708106785,8,4
5.04,12.369089953581405,5.95643508507453,8,4
5.1,12.355977417544127,5.961796349917422,8,4
5.16,12.343205823618066,5.966877974388307,8,4
5.22,12.330775928869938,5.97169051441237,8,4
5.28,12.318689188314922,5.976244099428376,8,4
5.34,12.306946616723483,5.980548597319115,8,4
5.4,12.295546848742157,5.9846138354135165,8,4
5.46,12.284488801090777,5.988449340444916,8,4
5.52,12.273771083821122,5.99206440381076,8,4
5.58,12.263390497221382,5.995468154383824,8,4
5.64,12.253343934474263,5.99866946180131,8,4
5.7,12.24362821370849,6.001676942755762,8,4
5.76,12.234238474683396,6.004499052869108,8,4
5.82,12.225170023565903,6.007143971256711,8,4
5.88,12.216418659160846,6.0096195676690485,8,4
5.94,12.207978737419976,6.011933553278911,8,4
6,12.199844697573075,6.0140933706396185,8,4
6.06,12.192010627480723,6.016106247805777,8,4
6.12,12.18447058084381,6.017979125120152,8,4
6.18,12.177218364279364,6.0197187276124176,8,4
6.24,12.170247410902062,6.021331629368932,8,4
6.3,12.163551308947714,6.022824080153449,8,4
6.36,12.157123447557996,6.0242021426920545,8,4
6.42,12.150956920402205,6.02547172259021,8,4
6.48,12.14504499510984,6.026638454073169,8,4
6.54,12.13938082203838,6.027707784144386,8,4
6.6,12.133957433061871,6.0286849397948385,8,4
6.66,12.128767959099676,6.029574964199822,8,4
6.72,12.123805518749695,6.030382696092247,8,4
6.78,12.119063224212555,6.031112751221066,8,4
6.84,12.114534291124443,6.031769573997012,8,4
6.9,12.110211997715277,6.032357408564203,8,4
6.96,12.10608958155939,6.032880350889514,8,4
7.02,12.10216049658467,6.033342280267093,8,4
7.08,12.098418273553989,6.03374691054528,8,4
7.14,12.094856359586437,6.0340978465713295,8,4
7.2,12.091468484811756,6.034398484402837,8,4
7.26,12.088248445459982,6.034652084686931,8,4
7.32,12.085190051042556,6.0348617565133456,8,4
7.38,12.082287309039977,6.035030473579889,8,4
7.44,12.079534332959131,6.0351610738903645,8,4
7.5,12.07692536078508,6.035256221725811,8,4
7.56,12.07445476591339,6.035318475200973,8,4
7.62,12.072117063665214,6.035350261865672,8,4
7.68,12.069906905452598,6.035353874160494,8,4
7.74,12.067819101067878,6.035331484698133,8,4
7.8,12.065848619989787,6.035285147392708,8,4
7.86,12.063990460703938,6.035216835917218,8,4
7.92,12.062239803529627,6.035128409015351,8,4
7.98,12.060591996527167,6.035021619662857,8,4
8.04,12.05904250251344,6.0348981346960855,8,4
8.1,12.057586919461379,6.034759534690294,8,4
8.16,12.056220980580363,6.03460731930656,8,4
8.22,12.054940731464177,6.034442787348014,8,4
8.28,12.0537422860123,6.034267214870502,8,4
8.34,12.05262182725324,6.034081860003797,8,4
8.4,12.05157575631113,6.033887862948598,8,4
8.46,12.050600636099473,6.03368629122187,8,4
8.52,12.049693003307214,6.033478160895429,8,4
8.58,12.048848934729897,6.033264480462879,8,4
8.64,12.048065612646017,6.033046110565708,8,4
8.7,12.047339945040832,6.032823895010318,8,4
8.76,12.04666895030674,6.032598629251382,8,4
8.82,12.046049754403342,6.032371064573234,8,4
8.88,12.045479759367568,6.032141730763457,8,4
8.94,12.044956312053337,6.0319112881836885,8,4
9,12.0444768791435,6.031680343555953,8,4
9.06,12.044039060034669,6.031449437487143,8,4
9.12,12.043640559925654,6.031219074149033,8,4
9.18,12.043279105019408,6.030989684483044,8,4
9.24,12.042952449144819,6.030761633524385,8,4
9.3,12.042658623757589,6.030535345181488,8,4
9.36,12.042395663661654,6.03031117399703,8,4
9.42,12.042161686665462,6.030089447718692,8,4
9.48,12.041954890677932,6.029870470026119,8,4
9.54,12.041773699243803,6.029654379155466,8,4
9.6,12.041616430854855,6.0294414688342,8,4
9.66,12.041481546688974,6.029231947688013,8,4
9.72,12.041367585850296,6.029026002016375,8,4
9.78,12.041273161470272,6.028823799485307,8,4
9.84,12.041196921140308,6.028625451658314,8,4
9.9,12.041137585779397,6.028431059862298,8,4
9.96,12.041093976740997,6.028240748558012,8,4
10.02,12.041064956739717,6.028054607146484,8,4
10.08,12.041049446893103,6.0278727126455856,8,4
10.14,12.041046424759761,6.027695122582892,8,4
10.2,12.04105492581084,6.027521820191354,8,4
10.26,12.04107402963875,6.027352871640482,8,4
10.32,12.04110286666792,6.027188298446206,8,4
10.38,12.041140613026458,6.0270281143532385,8,4
10.44,12.041186487967286,6.026872326799713,8,4
10.5,12.041239774228051,6.026720884862588,8,4
10.56,12.0412997771169,6.02657377016368,8,4
10.62,12.041365832984,6.02643097255226,8,4
10.68,12.041437318784975,6.026292463240079,8,4
10.74,12.041513643614547,6.026158210002282,8,4
10.8,12.041594272394002,6.0260281601146914,8,4
10.86,12.041678752196757,6.025902221453423,8,4
10.92,12.041766560408293,6.025780367704114,8,4
10.98,12.041857242676553,6.025662541704028,8,4
11.04,12.04195037045053,6.0255486844584425,8,4
11.1,12.04204553898739,6.025438735966809,8,4
11.16,12.04214244630317,6.025332586718498,8,4
11.22,12.042240726399674,6.025230178942902,8,4
11.28,12.042340052532126,6.025131443285412,8,4
11.34,12.042440126137645,6.025036305166475,8,4
11.4,12.042540667779836,6.024944689911951,8,4
11.46,12.042641440586628,6.024856508148971,8,4
11.52,12.042742235157855,6.024771664578744,8,4
11.58,12.042842816488948,6.024690089794805,8,4
11.64,12.042942985300968,6.024611702689068,8,4
11.7,12.043042556913706,6.024536422885854,8,4
11.76,12.043141361311285,6.024464170317398,8,4
11.82,12.04323928496337,6.0243948394458435,8,4
11.88,12.043336168561188,6.024328360972129,8,4
11.94,12.043431885681194,6.024264653687651,8,4
12,12.043526320246317,6.024203637774884,8,4
12.06,12.043619365373537,6.024145235122478,8,4
12.12,12.043710951368022,6.024089356371955,8,4
12.18,12.043801005478088,6.024035919028929,8,4
12.24,12.043889443223495,6.0239848512012015,8,4
12.3,12.043976199543977,6.023936077209475,8,4
12.36,12.04406121571629,6.023889523333594,8,4
12.42,12.044144446604921,6.023845114904312,8,4
12.48,12.044225888445865,6.023802765557718,8,4
12.54,12.044305487090073,6.02376241211761,8,4
12.6,12.04438321539733,6.023723984913962,8,4
12.66,12.044459050729847,6.02368741623287,8,4
12.72,12.04453297423405,6.023652640450035,8,4
12.78,12.044605001024722,6.023619583112407,8,4
12.84,12.044675123250542,6.023588181176697,8,4
12.9,12.044743334523945,6.023558374148965,8,4
12.96,12.04480963752401,6.0235301012421765,8,4
13.02,12.044874037468077,6.023503303587623,8,4
13.08,12.044936550161129,6.023477921501631,8,4
13.14,12.044997204417605,6.023453893588902,8,4
13.2,12.045056006872628,6.023431168120353,8,4
13.26,12.045112976296302,6.023409691728065,8,4
13.32,12.045168132859429,6.023389412802226,8,4
13.38,12.045221497708072,6.023370281523656,8,4
13.44,12.045273126731008,6.023352242287213,8,4
13.5,12.0453230370603,6.023335249995938,8,4
13.56,12.0453712589085,6.023319258463269,8,4
13.62,12.045417825190793,6.023304222660372,8,4
13.68,12.045462769733776,6.023290099052612,8,4
13.74,12.045506126999749,6.023276845598779,8,4
13.8,12.045547931811033,6.023264421750314,8,4
13.86,12.045588219074274,6.023252788450528,8,4
13.92,12.045627023504752,6.023241908133827,8,4
13.98,12.045664379350686,6.023231744724924,8,4
14.04,12.04570032141517,6.02322226366284,8,4
14.1,12.045734896347817,6.023213432120881,8,4
14.16,12.045768127787603,6.023205218345868,8,4
14.22,12.045800047281467,6.0231975922527115,8,4
14.28,12.04583068478654,6.023190525247623,8,4
14.34,12.045860068409269,6.023183990227622,8,4
14.4,12.045888224144507,6.023177961580044,8,4
14.46,12.045915175614649,6.023172415182034,8,4
14.52,12.045940943808716,6.023167328400067,8,4
14.58,12.045965546821485,6.023162680089436,8,4
14.64,12.04598899959259,6.023158450593767,8,4
14.7,12.046011391081004,6.0231546072005875,8,4
14.76,12.046032955912352,6.023151090635017,8,4
14.82,12.046053545269853,6.023147914387664,8,4
14.88,12.046073189626341,6.023145058972661,8,4
14.94,12.046091918400938,6.023142505750303,8,4
15,12.046109759862786,6.02314023689562,8,4
15.06,12.04612674103478,6.023138235366976,8,4
15.12,12.046142887597325,6.02313648487464,8,4
15.18,12.04615822379207,6.023134969849372,8,4
15.24,12.046172772325644,6.02313367541101,8,4
15.3,12.046186554273413,6.023132587337048,8,4
15.36,12.046199639841685,6.023131692036626,8,4
15.42,12.04621210169359,6.02313097651416,8,4
15.48,12.046223906816055,6.023130428326455,8,4
15.54,12.046235079464164,6.023130035568599,8,4
15.6,12.046245642850216,6.023129786836374,8,4
15.66,12.04625561909393,6.02312967119483,8,4
15.72,12.046265029172691,6.023129678146885,8,4
15.78,12.04627389287176,6.023129797601908,8,4
15.84,12.046282228734507,6.023130019844306,8,4
15.9,12.046290054012625,6.023130335502109,8,4
15.96,12.046297384616363,6.02313073551557,8,4
16.02,12.046304295574162,6.023131219268345,8,4
16.08,12.046310816494342,6.023131780460783,8,4
16.14,12.046316930131352,6.02313240689182,8,4
16.2,12.046322655147032,6.023133091598617,8,4
16.26,12.046328009439021,6.023133827884928,8,4
16.32,12.046333010125032,6.023134609294294,8,4
16.38,12.046337673527125,6.023135429583213,8,4
16.44,12.046342015156,6.023136282694332,8,4
16.5,12.046346049695247,6.023137162729622,8,4
16.56,12.046349790985657,6.023138063923561,8,4
16.62,12.046353252009485,6.02313898061632,8,4
16.68,12.046356471447053,6.023139926865888,8,4
16.74,12.046359455722099,6.023140893600027,8,4
16.8,12.046362209919389,6.023141871451514,8,4
16.86,12.046364746352086,6.0231428570748795,8,4
16.92,12.046367076674104,6.02314384730163,8,4
16.98,12.046369211875774,6.023144839121855,8,4
17.04,12.046371162279486,6.023145829665812,8,4
17.1,12.046372937535361,6.0231468161855215,8,4
17.16,12.046374546616915,6.023147796036366,8,4
17.22,12.0463759978167,6.023148766658677,8,4
17.28,12.046377298741985,6.023149725559324,8,4
17.34,12.046378481427015,6.023150684486144,8,4
17.4,12.04637954020786,6.023151634306479,8,4
17.46,12.046380480210996,6.023152572391003,8,4
17.52,12.046381308497725,6.02315349759369,8,4
17.58,12.046382031633456,6.02315440886232,8,4
17.64,12.046382655692003,6.023155305224939,8,4
17.7,12.046383186259796,6.023156185776298,8,4
17.76,12.046383628440147,6.023157049664305,8,4
17.82,12.046383986857492,6.023157896076474,8,4
17.88,12.046384265661658,6.023158724226366,8,4
17.94,12.04638446975038,6.023159533690858,8,4
18,12.046384627060817,6.023160330814333,8,4
18.06,12.046384724752278,6.023161110317342,8,4
18.12,12.046384767045744,6.023161871937061,8,4
18.18,12.04638475789886,6.023162615423681,8,4
18.24,12.046384701018203,6.0231633405291545,8,4
18.3,12.046384599871528,6.0231640469959595,8,4
18.36,12.046384457700022,6.023164734545834,8,4
18.42,12.046384277530565,6.02316540286855,8,4
18.48,12.046384062187991,6.023166051610655,8,4
18.54,12.046383814307335,6.023166680364223,8,4
18.6,12.046383537521583,6.023167290574425,8,4
18.66,12.046383238620693,6.023167889032512,8,4
18.72,12.046382916611872,6.0231684699872075,8,4
18.78,12.046382573960715,6.023169033462847,8,4
18.84,12.046382213049984,6.0231695794476146,8,4
18.9,12.046381836193763,6.023170107885423,8,4
18.96,12.04638144565164,6.023170618667785,8,4
19.02,12.046381043642853,6.02317111162568,8,4
19.08,12.046380632360481,6.023171586521437,8,4
19.14,12.046380213985598,6.023172043040602,8,4
19.2,12.046379790701438,6.023172480783812,8,4
19.26,12.046379360615852,6.023172903670913,8,4
19.32,12.046378920158489,6.023173317363133,8,4
19.38,12.046378476438694,6.0231737159443055,8,4
19.44,12.046378030871852,6.023174099584287,8,4
19.5,12.046377584857336,6.023174468423367,8,4
19.56,12.046377139788996,6.023174822568137,8,4
19.62,12.046376697065607,6.023175162087346,8,4
19.68,12.04637625810135,6.023175487007768,8,4
19.74,12.046375824336272,6.023175797310065,8,4
19.8,12.046375397246754,6.023176092924647,8,4
19.86,12.046374978355981,6.023176373727538,8,4
19.92,12.04637456148505,6.023176644011579,8,4
19.98,12.046374144797214,6.023176905541607,8,4
20.04,12.046373734557706,6.023177155387825,8,4
20.1,12.04637333137914,6.023177393860877,8,4
20.16,12.04637293585769,6.023177621263007,8,4
20.22,12.046372548578788,6.023177837886662,8,4
20.28,12.046372170122813,6.023178044013115,8,4
20.34,12.046371801070793,6.023178239911079,8,4
20.4,12.046371442010084,6.023178425835325,8,4
20.46,12.04637109354009,6.023178602025291,8,4
20.52,12.046370756277925,6.023178768703709,8,4
20.58,12.046370424774198,6.023178927725927,8,4
20.64,12.046370100149826,6.023179079154783,8,4
20.7,12.046369784706881,6.023179222721534,8,4
20.76,12.046369478474407,6.023179358762283,8,4
20.82,12.046369181459402,6.023179487608004,8,4
20.88,12.046368893649717,6.0231796095839085,8,4
20.94,12.046368615016949,6.023179725008831,8,4
21,12.046368345519333,6.023179834194592,8,4
21.06,12.046368085104643,6.023179937445385,8,4
21.12,12.046367833713077,6.023180035057143,8,4
21.18,12.04636759128016,6.023180127316919,8,4
21.24,12.046367355904879,6.023180214446962,8,4
21.3,12.04636712825982,6.023180296736921,8,4
21.36,12.046366908393699,6.02318037444676,8,4
21.42,12.046366696079454,6.02318044781655,8,4
21.48,12.046366491083493,6.0231805170738575,8,4
21.54,12.046366293167912,6.023180582433108,8,4
21.6,12.046366102092716,6.0231806440949365,8,4
21.66,12.046365917618052,6.023180702245549,8,4
21.72,12.046365739506452,6.023180757056068,8,4
21.78,12.046365567525038,6.0231808086818965,8,4
21.84,12.046365401447764,6.023180857262067,8,4
21.9,12.046365241057641,6.0231809029186,8,4
21.96,12.046365086148972,6.0231809457558585,8,4
22.02,12.046364936529567,6.023180985859904,8,4
22.08,12.046364792022985,6.023181023297845,8,4
22.14,12.046364652470753,6.023181058117204,8,4
22.2,12.046364517734599,6.02318109034526,8,4
22.26,12.046364387698677,6.023181119988412,8,4
22.32,12.046364262271807,6.023181147031533,8,4
22.38,12.046364141389681,6.023181171437322,8,4
22.44,12.046364025017114,6.0231811931456605,8,4
22.5,12.046363914734075,6.023181212965651,8,4
22.56,12.046363817150965,6.0231812351335465,8,4
22.62,12.04636372467555,6.023181255885026,8,4
22.68,12.046363637185374,6.023181275288416,8,4
22.74,12.046363554557246,6.02318129340404,8,4
22.8,12.046363476667212,6.023181310284218,8,4
22.86,12.046363403390561,6.023181325973267,8,4
22.92,12.046363334601834,6.023181340507499,8,4
22.98,12.046363270174806,6.023181353915221,8,4
23.04,12.046363209982509,6.023181366216735,8,4
23.1,12.046363153897207,6.02318137742434,8,4
23.16,12.046363101790428,6.023181387542328,8,4
23.22,12.046363053532923,6.02318139656699,8,4
23.28,12.046363008994701,6.0231814044866105,8,4
23.34,12.046362968045015,6.023181411281471,8,4
23.4,12.046362930552355,6.023181416923845,8,4
23.46,12.046362896384467,6.023181421378007,8,4
23.52,12.046362865408332,6.0231814246002235,8,4
23.58,12.046362837490186,6.023181426538756,8,4
23.64,12.046362812495499,6.023181427133867,8,4
23.7,12.04636279028899,6.023181426317805,8,4
23.76,12.046362770734632,6.023181424014823,8,4
23.82,12.046362750784441,6.023181421452305,8,4
23.88,12.046362729587434,6.023181419397234,8,4
23.94,12.04636270985213,6.023181416772255,8,4
24,12.046362691416293,6.0231814136312956,8,4
24.06,12.046362674117708,6.023181410028283,8,4
24.12,12.046362657794143,6.023181406017143,8,4
24.18,12.046362642283366,6.0231814016518035,8,4
24.24,12.046362627423154,6.023181396986193,8,4
24.3,12.04636261305128,6.023181392074237,8,4
24.36,12.046362599005514,6.023181386969863,8,4
24.42,12.046362585123632,6.0231813817269995,8,4
24.48,12.046362571243403,6.02318137639957,8,4
24.54,12.046362557202603,6.023181371041505,8,4
24.6,12.046362542839002,6.02318136570673,8,4
24.66,12.046362527990375,6.023181360449173,8,4
24.72,12.046362512494493,6.023181355322759,8,4
24.78,12.046362496189126,6.023181350381418,8,4
24.84,12.046362478912052,6.023181345679076,8,4
24.9,12.04636246050104,6.02318134126966,8,4
24.96,12.046362440793864,6.023181337207096,8,4
25.02,12.046362419628299,6.023181333545312,8,4
25.08,12.046362396842111,6.023181330338235,8,4
25.14,12.04636238087121,6.0231813268314465,8,4
25.2,12.046362367029648,6.023181323230756,8,4
25.26,12.046362353451494,6.023181319684705,8,4
25.32,12.046362340136751,6.023181316193292,8,4
25.38,12.046362327085419,6.023181312756519,8,4
25.44,12.046362314297495,6.023181309374383,8,4
25.5,12.04636230177298,6.0231813060468875,8,4
25.56,12.046362289511878,6.02318130277403,8,4
25.62,12.046362277514183,6.023181299555811,8,4
25.68,12.0463622657799,6.023181296392232,8,4
25.74,12.046362254309026,6.023181293283291,8,4
25.8,12.046362243101562,6.023181290228989,8,4
25.86,12.046362232157508,6.023181287229326,8,4
25.92,12.046362221476864,6.023181284284302,8,4
25.98,12.046362211059629,6.023181281393916,8,4
26.04,12.046362200905804,6.0231812785581695,8,4
26.1,12.04636219101539,6.023181275777062,8,4
26.16,12.046362181388385,6.023181273050593,8,4
26.22,12.046362172024791,6.023181270378762,8,4
26.28,12.046362162924607,6.023181267761571,8,4
26.34,12.046362154087833,6.023181265199019,8,4
26.4,12.046362145514468,6.023181262691106,8,4
26.46,12.046362137204513,6.023181260237831,8,4
26.52,12.046362129157968,6.0231812578391954,8,4
26.58,12.046362121374832,6.023181255495198,8,4
26.64,12.046362113855107,6.0231812532058395,8,4
26.7,12.046362106598792,6.02318125097112,8,4
26.76,12.046362099605886,6.023181248791039,8,4
26.82,12.046362092876391,6.023181246665597,8,4
26.88,12.046362086410307,6.023181244594794,8,4
26.94,12.046362080207631,6.02318124257863,8,4
27,12.046362074268366,6.023181240617105,8,4
27.06,12.04636206859251,6.023181238710218,8,4
27.12,12.046362063180064,6.023181236857971,8,4
27.18,12.046362058031027,6.0231812350603615,8,4
27.24,12.046362053145401,6.023181233317391,8,4
27.3,12.046362048523186,6.02318123162906,8,4
27.36,12.046362044164379,6.023181229995368,8,4
27.42,12.046362040068983,6.023181228416314,8,4
27.48,12.046362036236998,6.023181226891899,8,4
27.54,12.046362032668421,6.023181225422124,8,4
27.6,12.046362029363255,6.023181224006986,8,4
27.66,12.046362026321498,6.023181222646488,8,4
27.72,12.046362025580958,6.023181221470582,8,4
27.78,12.04636202747835,6.023181220473442,8,4
27.84,12.046362029375745,6.023181219476303,8,4
27.9,12.046362031273137,6.023181218479164,8,4
27.96,12.04636203317053,6.0231812174820245,8,4
28.02,12.046362035067922,6.023181216484885,8,4
28.08,12.046362036965316,6.023181215487746,8,4
28.14,12.046362038862709,6.023181214490607,8,4
28.2,12.046362040760101,6.0231812134934675,8,4
28.26,12.046362042657496,6.023181212496328,8,4
28.32,12.046362044554888,6.023181211499189,8,4
28.38,12.04636204645228,6.023181210502049,8,4
28.44,12.046362048349675,6.0231812095049095,8,4
28.5,12.046362050247067,6.02318120850777,8,4
28.56,12.04636205214446,6.023181207510631,8,4
28.62,12.046362054041852,6.023181206513492,8,4
28.68,12.046362055939246,6.0231812055163525,8,4
28.74,12.046362057836639,6.023181204519213,8,4
28.8,12.046362059734031,6.023181203522074,8,4
28.86,12.046362061631426,6.023181202524935,8,4
28.92,12.046362063528818,6.023181201527795,8,4
28.98,12.04636206542621,6.023181200530655,8,4
29.04,12.046362067323603,6.023181199533516,8,4
29.1,12.046362069220997,6.023181198536377,8,4
29.16,12.04636207111839,6.0231811975392375,8,4
29.22,12.046362073015782,6.023181196542098,8,4
29.28,12.046362074913176,6.023181195544959,8,4
29.34,12.046362076810569,6.02318119454782,8,4
29.4,12.046362078707961,6.0231811935506805,8,4
29.46,12.046362080605354,6.023181192553541,8,4
29.52,12.046362082502748,6.023181191556401,8,4
29.58,12.04636208440014,6.023181190559262,8,4
29.64,12.046362086297533,6.023181189562123,8,4
29.7,12.046362088194927,6.023181188564983,8,4
29.76,12.04636209009232,6.023181187567844,8,4
29.82,12.046362091989712,6.023181186570705,8,4
29.88,12.046362093887105,6.0231811855735655,8,4
29.94,12.046362095784499,6.023181184576426,8,4
30,12.046362097681891,6.023181183579287,8,4
30,12.046362097681891,6.023181183579287,8,4
